Link Foto,Nama Produk,Brand,Deskripsi,Harga,Kategori,Stok,Link
"https://static.nike.com/a/images/t_PDP_936_v1/f_auto,q_auto:eco/8d2ce6b7-7fce-4c9a-8fbf-b8505665c21f/NIKE+X+LEGO+COLLECTION+JERSEY.png","Nike x LEGO® Collection
Older Kids' Dri-FIT Jersey",Nike,"Welcome to the Nike x LEGO® World! Take your game to out-of-this-world levels of play in this roomy, sweat-wicking knit jersey.


Colour Shown: Brave Blue/Cobalt Blaze/Cobalt Blaze
Style: HV6734-477
Country/Region of Origin: Laos, Thailand",549000,Baju,113,https://www.nike.com/id/t/lego-collection-older-dri-fit-jersey-oQyUX4y2/HV6734-477
"https://static.nike.com/a/images/t_PDP_936_v1/f_auto,q_auto:eco/23ad9950-6732-4fd1-aea2-88221492b2b4/AS+KB+M+NK+DF+TEE+M90+SIG.png","Kobe
Men's Dri-FIT Basketball T-Shirt",Nike,"The Kobe signature tee goes beyond the basics with sweat-wicking Dri-FIT technology and a roomy fit to help you stay dry and comfortable.


Colour Shown: Court Purple
Style: IM0321-504
Country/Region of Origin: China",549000,Baju,164,https://www.nike.com/id/t/kobe-dri-fit-basketball-t-shirt-p8tQ4MHG/IM0321-504
"https://static.nike.com/a/images/t_PDP_936_v1/f_auto,q_auto:eco/d1e47a87-aea4-4fe2-a341-72320bbc5820/W+NK+DF+CROSSOVER+5%22+SHORT.png","Nike Crossover
Women's Dri-FIT 12.5cm (approx.) Basketball Shorts",Nike,"Wider through the legs and hips, these lightweight, sweat-wicking Crossover Shorts help you move freely up and down the court. An updated drawcord can be tied inside or outside for comfort and style.


Colour Shown: White/Black/Black
Style: FV8505-100
Country/Region of Origin: Vietnam",569000,Celana,133,https://www.nike.com/id/t/crossover-dri-fit-12-5cm-basketball-shorts-NB1Xm9/FV8505-100
"https://static.nike.com/a/images/t_PDP_936_v1/f_auto,q_auto:eco/7c9b7a92-4acc-4da5-b1be-92bc7b32853f/AS+LJ+M+NK+8IN+SHORT.png","LeBron
Men's 20cm (approx.) Basketball Shorts",Nike,"Celebrate LeBron's reign with these 20cm (approx.) basketball shorts. Two layers of structured mesh bring a premium feel, while a ""Forever King"" label pays tribute to his long-standing dominance of the court.


Colour Shown: Sail/Dark Team Red
Style: HV3395-133
Country/Region of Origin: China",999000,Celana,125,https://www.nike.com/id/t/lebron-20cm-basketball-shorts-zgFuUJ2i/HV3395-133
"https://static.nike.com/a/images/t_PDP_936_v1/f_auto,q_auto:eco/d0940073-9c35-4777-96a1-032b789028e6/AS+LJ+M+NK+TF+SI+BRSH+PO+HD+UC.png","LeBron Standard Issue 'Uncharted'
Men's Therma-FIT Basketball Hoodie",Nike,"How many players can say they're in the 40K point club? Just one—King James. And to think LeBron prides himself on being a pass-first player. This roomy hoodie celebrates his stand-alone status as the greatest scorer of all time—because when you step into uncharted territory, it's best to show up prepared.


Colour Shown: Black
Style: IH8818-010
Country/Region of Origin: China",1129000,Jaket,184,https://www.nike.com/id/t/lebron-standard-issue-uncharted-basketball-hoodie-i6kVIjCW/IH8818-010
"https://static.nike.com/a/images/t_PDP_936_v1/f_auto,q_auto:eco/1c0b9859-47de-4760-b989-21d9290520b2/AS+LJ+M+NK+TF+SI+PO+HOODIE.png","LeBron Standard Issue
Men's Therma-FIT Pullover Basketball Hoodie",Nike,"Celebrate LeBron's reign with this Therma-FIT hoodie. The heavyweight performance fleece brings premium warmth, while a ""Forever King"" label pays tribute to his long-standing dominance on the court.


Colour Shown: Black/Sail
Style: HV3404-010
Country/Region of Origin: China",1429000,Jaket,160,https://www.nike.com/id/t/lebron-standard-issue-pullover-basketball-hoodie-F0GQdjtt/HV3404-010
"https://static.nike.com/a/images/t_PDP_936_v1/f_auto,q_auto:eco/90d76f62-7059-4c92-9fc3-2d12c8ef79c6/AS+KB+M+NK+WINTERIZED+BOTTOM.png","Kobe
Men's Winterized Basketball Trousers",Nike,"These winterized trousers celebrate Kobe's unmatched legacy on the court and beyond, so you can keep working even when the temperatures dip.


Colour Shown: Black/Anthracite/White
Style: IM4867-010
Country/Region of Origin: Thailand",1429000,Celana,198,https://www.nike.com/id/t/kobe-winterized-basketball-trousers-36aPsrzn/IM4867-010
"https://static.nike.com/a/images/t_PDP_936_v1/f_auto,q_auto:eco,u_126ab356-44d8-4a06-89b4-fcdcc8df0245,c_scale,fl_relative,w_1.0,h_1.0,fl_layer_apply/ee7e139c-02e7-404c-b7d5-284bf6711353/M+J+GFX+SS+CREW+JT.png","Tatum
Men's T-Shirt",Nike,"Rep Tatum every day. This top's made of soft and comfortable cotton.


Colour Shown: Black/University Red
Style: IH0600-010
Country/Region of Origin: China",569000,Baju,145,https://www.nike.com/id/t/tatum-t-shirt-B8TQhI0d/IH0600-010
"https://static.nike.com/a/images/t_PDP_936_v1/f_auto,q_auto:eco/3818f0a4-ff62-4dce-80cc-40d6e2fde88e/AJA+K+NK+DF+COURT+SHORT.png","A'ja Wilson
Older Kids' Dri-FIT Basketball Shorts",Nike,"Unapologetic comfort meets unapologetic attitude. Take a page from A'ja Wilson's book and embrace your boldest self in these lightweight shorts. Made from our sweat-wicking Dri-FIT technology, they help you stay cool and focused as you turn up the heat on your game.


Colour Shown: Pinksicle/Black
Style: IB6972-684
Country/Region of Origin: Vietnam",349000,Celana,153,https://www.nike.com/id/t/aja-wilson-older-dri-fit-basketball-shorts-G7b43f/IB6972-684
"https://static.nike.com/a/images/t_PDP_936_v1/f_auto,q_auto:eco/4851b63c-0878-4bb8-b402-49dcc0116334/SEL+MNK+DF+JSY+V5+DURANT.png","Kevin Durant Phoenix Suns 2025/26 Select Series
Men's Nike Dri-FIT NBA Swingman Jersey",Nike,"Honouring league legends and rising stars, the Select Series celebrates the true artists of the game. Show your love for Kevin Durant and the Phoenix Suns with this '90s-inspired Select Series jersey.


Colour Shown: New Orchid/White
Style: HJ4063-566
Country/Region of Origin: Guatemala",1799000,Baju,105,https://www.nike.com/id/t/kevin-durant-phoenix-suns-2025-26-select-series-dri-fit-nba-swingman-jersey-WmG0hg/HJ4063-566
"https://static.nike.com/a/images/t_PDP_936_v1/f_auto,q_auto:eco/afb9bec8-e1e0-4695-9589-e1f8802d628e/W+NK+DF+CROSSOVER+5%22+SHORT.png","Nike Crossover
Women's Dri-FIT 12.5cm (approx.) Basketball Shorts",Nike,"Wider through the legs and hips, these lightweight, sweat-wicking Crossover Shorts help you move freely up and down the court. An updated drawcord can be tied inside or outside for comfort and style.


Colour Shown: Black/Black/White
Style: FV8505-010
Country/Region of Origin: Vietnam",569000,Celana,151,https://www.nike.com/id/t/crossover-dri-fit-12-5cm-basketball-shorts-NB1Xm9/FV8505-010
"https://static.nike.com/a/images/t_PDP_936_v1/f_auto,q_auto:eco/d5e3208a-2d8f-40b2-a1e8-935bdcba37ef/AS+GA+M+NK+TEE.png","Giannis
Men's Basketball T-Shirt",Nike,"Rep the aura of Giannis on this classic tee. It's made with midweight cotton that has a soft feel and slight drape.


Colour Shown: Obsidian
Style: HJ3447-451
Country/Region of Origin: China",499000,Baju,160,https://www.nike.com/id/t/giannis-basketball-t-shirt-zD6HKP/HJ3447-451
"https://static.nike.com/a/images/t_PDP_936_v1/f_auto,q_auto:eco,u_126ab356-44d8-4a06-89b4-fcdcc8df0245,c_scale,fl_relative,w_1.0,h_1.0,fl_layer_apply/4e98e15a-e2ff-48c4-b61d-255e9a66e9e1/M+J+DF+SPRT+MESH+SHORT+LD.png","Luka
Men's Dri-FIT Mesh Shorts",Nike,"Luka's love for the outdoors comes to life on these performance-driven shorts. Lightweight mesh and our sweat-wicking tech help keep you feeling fresh, whether you're on the court or roaming the countryside.


Colour Shown: College Grey/College Grey
Style: HQ8782-009
Country/Region of Origin: Thailand",438000,Celana,177,https://www.nike.com/id/t/luka-dri-fit-mesh-shorts-wd7ZrP/HQ8782-009
"https://static.nike.com/a/images/t_PDP_936_v1/f_auto,q_auto:eco/b8295992-c091-4057-9c43-29604bc43e0c/AS+M+NK+DF+WVN+ICON+6IN+SHORT.png","Nike Icon
Men's 15cm (approx.) Woven Basketball Shorts",Nike,"Conquer the courts with the 15cm (approx.) woven basketball shorts. Their loose fit with side vents helps you move with ease.


Colour Shown: Black/White/Black/White
Style: HJ6352-010
Country/Region of Origin: Vietnam",479000,Celana,197,https://www.nike.com/id/t/icon-15cm-woven-basketball-shorts-kWDZrv/HJ6352-010
"https://static.nike.com/a/images/t_PDP_936_v1/f_auto,q_auto:eco/76143164-9401-4844-b693-c494edde6967/AIR+ZM+G.T.+CUT+ACADEMY+TB+EP.png","Nike G.T. Cut Academy EP
Basketball Shoes",Nike,"Designed to help you create space for stepback jumpers, backdoor cuts and other game-changing plays, the G.T. Cut Academy's sticky multicourt traction helps you stop in an instant and shift gears at will—wherever your next game is calling you. With its extra-durable rubber outsole, this version gives you traction for outdoor courts.


Colour Shown: White/Wolf Grey/Black
Style: FV1299-105
Country/Region of Origin: China",1399000,Sepatu,145,https://www.nike.com/id/t/gt-cut-academy-ep-basketball-shoes-NTKpvN/FV1299-105
"https://static.nike.com/a/images/t_PDP_936_v1/f_auto,q_auto:eco/4b9d8cb8-39d7-49f1-b121-fcbe33558a1d/NIKE+PRECISION+VII.png","Nike Precision 7
Men's Basketball Shoes",Nike,"Score at will at the rim or from deep in the Nike Precision 7. Crafted with a combination of ground control, comfort and on-court traction, it's perfect for instant impact plays when your name is called for the next casual game. Check in and make the plays that swing the outcome in your favour.


Colour Shown: Black/Iron Grey/Smoke Grey/White
Style: FN4322-005
Country/Region of Origin: Vietnam",1069000,Sepatu,200,https://www.nike.com/id/t/precision-7-basketball-shoes-6FvJHX/FN4322-005
"https://static.nike.com/a/images/w_1280,q_auto,f_auto/2fb558c1-736d-47e4-a056-d21a48516652/kobe-4-protro-metallic-gold-and-dark-obsidian-fq3544-100-release-date.jpg","Kobe 4 Protro
Metallic Gold and Dark Obsidian",Nike,"Inspired by the team's redeeming run in Beijing, this edition of the Kobe 4 Protro returns with the same winning spirit and accolades to prove it. A shining mix of Metallic Gold and Neutral Grey dress up the lightweight, layered upper, while Dark Obsidian accents and high-gloss finishes add some well-earned lustre. 

And of course, the Protro comes equipped to perform. It's been re-tooled for a smooth, responsive sensation underfoot, while the padded collar and Flywire cables work to help contain your foot. Soft yet resilient, the foam midsole and Air Zoom in the heel create a comfortable feel with energy return. To finish off this special design, the number 10 is stamped into the heel—honouring Kobe's jersey number from the team's legendary 2008 run.",2849000,Sepatu,167,https://www.nike.com/id/launch/t/kobe-4-protro-metallic-gold-and-dark-obsidian
"https://static.nike.com/a/images/t_PDP_936_v1/f_auto,q_auto:eco/b4206540-ba68-40f0-97ce-a8508011e95f/SABRINA+3+EP.png","Sabrina 3 'Blueprint' EP
Basketball Shoes",Nike,"Sabrina Ionescu's pursuit of excellence requires a shoe that can keep up with both her work ethic and will to win. Enter the Sabrina 3. Its lightweight, secure upper helps keep her supported with cables, allowing her to shift, slide and step back with confidence. This Light Blue design with precise white hits speaks to Sabrina's blueprint that all hoopers can abide by. With its extra-durable rubber outsole, this version gives you traction for outdoor courts.


Colour Shown: Glacier Blue/Light Armoury Blue/Still Blue/Metallic Gold
Style: HF2882-400
Country/Region of Origin: Vietnam",2099000,Sepatu,195,https://www.nike.com/id/t/sabrina-3-blueprint-ep-basketball-shoes-G2lc4oD7/HF2882-400
"https://static.nike.com/a/images/t_PDP_936_v1/f_auto,q_auto:eco/4fd74b8a-10ab-4378-a6a8-da957ae61303/KOBE+III+PROTRO.png","Kobe III Protro
Basketball Shoes",Nike,"The Kobe 3 Protro is a 2007 design re-tooled with modern day technology. It's unmistakable diamond-inspired pattern serves as a subtle nod to Kobe's oldest daughter. This silhouette is built for those who have an endless obsession with the game and use every opportunity to polish their skills. You're welcome.


Colour Shown: White/White/White
Style: HM4351-100
Country/Region of Origin: Vietnam",3169000,Sepatu,123,https://www.nike.com/id/t/kobe-iii-protro-basketball-shoes-argcQhQd/HM4351-100
"https://static.nike.com/a/images/t_PDP_936_v1/f_auto,q_auto:eco,u_126ab356-44d8-4a06-89b4-fcdcc8df0245,c_scale,fl_relative,w_1.0,h_1.0,fl_layer_apply/2585d03f-7906-458a-8293-65e72cc842d3/JORDAN+LUKA+.77+PF.png","Luka .77 PF 'Gone Camping'
Basketball Shoes",Nike,"When Luka's not on the court, there's a good chance he's gone camping. This Luka .77 celebrates that pastime with a rugged design that helps you take your game outdoors. High abrasion mesh and a full-length rubber outsole stand up to concrete and asphalt, giving you a shoe that can handle any court.


Colour Shown: Light Silver/Black/Coconut Milk/Hyper Crimson
Style: HF0819-003
Country/Region of Origin: Vietnam",1549000,Sepatu,139,https://www.nike.com/id/t/luka-77-pf-gone-camping-basketball-shoes-MlPLwJ/HF0819-003
https://www.adidas.co.id/media/catalog/product/h/m/hm4975_fc_ecom.jpg,All Court 3.0 Ball,adidas,"A durable indoor-outdoor basketball with a true feel.
Take your skills from the hardwood to the blacktop and vice versa. This adidas basketball works indoors as well as outdoors, so you don't have to worry about bringing the wrong ball to hoop. The durable cover feels smooth and true to the touch to give you that accurate feel from catch to release.",430000,Bola,164,https://www.adidas.co.id/en/all-court-3-0-ball-545789.html
https://www.adidas.co.id/media/catalog/product/d/y/dy6594_2_apparel_photography_front20center20view_grey.jpg,3G Speed Reversible Jersey,adidas,"A reversible jersey designed for enhanced breathability.
Attack the hoop in versatile comfort in this basketball jersey. The reversible jersey features a mesh build with contrast 3-Stripes on one side and a durable doubleknit build on the other. Built to control airflow on every possession, it's made of moisture-wicking fabric for elevated ventilation.",430000,Baju,131,https://www.adidas.co.id/en/3g-speed-reversible-jersey-638264.html
https://www.adidas.co.id/media/catalog/product/h/m/hm4970_1_hardware_photography_front20center20view_grey.jpg,3-Stripes Rubber X3 Basketball 49,adidas,"A durable indoor/outdoor basketball.
Get in the game. Take this adidas basketball for a pickup game on the hardwood or the blacktop. The soft and durable rubber feels true with every bounce and catch of the ball, whether you're practising on your own or p",400000,Bola,148,https://www.adidas.co.id/en/3-stripes-rubber-x3-basketball-49-838064.html
https://www.adidas.co.id/media/catalog/product/i/e/ie9255_2_footwear_photography_side20lateral20view_grey.jpg,Cross 'Em Up Select Shoes,adidas,"Comfortable basketball shoes with plush cushioning.
Play comfortably from tipoff till the last whistle. These juniors' adidas basketball shoes have a textile upper with soft leather touches that complement the look. The Cloudfoam midsole makes every step soft and plush, so you can snag the rebound and run the break with ease.",1100000,Sepatu,106,https://www.adidas.co.id/en/cross-039-em-up-select-shoes-975313.html
https://www.adidas.co.id/media/catalog/product/j/p/jp8634_2_footwear_photography_side20lateral20view_grey.jpg,Dame X Shoes,adidas,"Signature shoes from Damian Lillard and adidas Basketball.
Damian Lillard manipulates the game like nobody else. The Dame X, the latest signature shoe from adidas Basketball and Damian Lillard was designed specifically to let Dame be Dame. A lightweight textile upper provides breathability for elevated performance, while three-dimensional printed accents support the zones of the shoe where it is most needed. Multi-directional traction on the rubber outsole and an ultralight Lightstrike midsole help you generate speed and make dynamic cuts through the lane with superstar confidence. Signature colourways and Dame logos celebrate the milestones in the life and career of one of basketball's most celebrated players.",1500000,Sepatu,165,https://www.adidas.co.id/en/dame-x-shoes-1180939.html
https://www.adidas.co.id/media/catalog/product/j/s/js3514_2_footwear_photography_side20lateral20view_grey.jpg,Anthony Edwards 2 Shoes,adidas,"Signature shoes from adidas Basketball and Anthony Edwards.
Celebrate one of the game's rising stars with the latest signature trainers from adidas Basketball and Anthony Edwards. These performance basketball shoes are all about supporting the high-flying, high-speed action that has made Edwards an international superstar. Combining the energy-return of BOOST and the ultra-lightweight cushioning of Lightstrike, these shoes are designed for players who dominate with their speed and athleticism. Anthony Edwards logos complete the signature look.",2000000,Sepatu,163,https://www.adidas.co.id/en/anthony-edwards-2-shoes-1177324.html
https://www.adidas.co.id/media/catalog/product/i/x/ix1849_2_apparel_photography_front20center20view_grey.jpg,adidas Pro Block Shorts,adidas,"adidas Pro Block Shorts
Performance basketball shorts made with recycled materials.
Max out your performance in these adidas Pro Block Shorts. Infused with style and energy, these basketball shorts elevate your game from lay-up lines to buzzer beaters. AEROREADY manages moisture to keep you dry through every crossover and step-back jumper, while the loose fit gives you room to roam the court with confidence. This product is made with 100% recycled materials. By reusing materials that have already been created, we help to reduce waste and our reliance on finite resources and reduce the footprint of the products we make.",600000,Celana,163,https://www.adidas.co.id/en/adidas-pro-block-shorts-1034091.html
https://www.adidas.co.id/media/catalog/product/j/c/jc8782_2_apparel_photography_front20center20view_grey.jpg,Anthony Edwards Anorak Pullover,adidas,"A loose, hooded half-zip with style inspired by baller Anthony Edwards.
Anthony Edwards is known for his devastating game on the court and his style off of it. This adidas basketball pullover lets you rep his personal vibe while expressing yourself on the scene. Made from woven polyester with a loose, roomy fit, this half-zip has ribbed cuffs to keep the sleeve steady and a built-in hood that flips up when you need some extra coverage. Layer on this anorak for something light and loose that you can layer over a tee or jersey with ease. Great with basketball shorts, jeans, fleece and more.",1800000,Jaket,128,https://www.adidas.co.id/en/anthony-edwards-anorak-pullover-1159181.html
https://www.adidas.co.id/media/catalog/product/j/i/ji4491_2_footwear_photography_side20lateral20view_grey.jpg,Adizero Select 3.0 Shoes,adidas,"Lightweight basketball shoes built for speed.
Lightweight and comfortable, the Adizero Select 3.0 shoes from adidas Basketball keep you moving. Lightstrike cushions each stride without adding weight while the textile upper elevates your comfort level. Whether you're dominating a five-on-five at the park or pushing the pace during a league game, these basketball shoes won't slow you down on your mission to the rack.",1800000,Sepatu,168,https://www.adidas.co.id/en/adizero-select-3-0-shoes-1093927.html
https://www.adidas.co.id/media/catalog/product/j/h/jh6625_2_footwear_photography_side20lateral20view_grey.jpg,Dame 9 Shoes,adidas,"Signature shoes from adidas Basketball and Damian Lillard.
Change is inevitable for a game-changing superstar like Damian Lillard. The latest Signature shoes from Dame and adidas Basketball embrace the spirit of evolution that took Dame from overlooked and under-rated to the highest level of basketball in the world. The all-new design of these performance shoes is lighter and more streamlined, pairing the snug fit of an internal bootie with a full-length Torsion bar for lateral stiffness and an ultra-lightweight Lightstrike midsole underfoot to keep you moving at top speed. Designed for outstanding lockdown, they provide effortless support for all your most dynamic on-court moves so just like Dame you can break the game wide open.",2100000,Sepatu,174,https://www.adidas.co.id/en/dame-9-shoes-1038018.html
https://www.adidas.co.id/media/catalog/product/j/n/jn7111_2_apparel_photography_front20center20view_grey.jpg,Select Graphic T-Shirt,adidas,"A crewneck t-shirt with subtle basketball graphics.
Show your passion for the game of basketball with this adidas graphic tee. The minimalist design on the back displays your love for the sport. Whether you're playing a pickup game or catching some hoops on TV, this shirt lets you rep your favourite sport in comfort and style.",580000,Baju,179,https://www.adidas.co.id/en/select-graphic-t-shirt-1030012.html
https://www.adidas.co.id/media/catalog/product/j/h/jh6484_2_footwear_photography_side20lateral20view_grey.jpg,Harden Volume 9 Shoes,adidas,"Signature shoes from adidas Basketball and James Harden.
Continuing to build on his legend and legacy, the latest signature shoes from James Harden and adidas Basketball are designed for players who live for the game's biggest moments. These performance basketball shoes are designed to support the type of moves that have made Harden a superstar on the hardwood and are loaded with the unique sense of style that has helped make his name off the court too. A combined BOOST and Lightstrike midsole provides lightweight energy return to propel you towards the hoop, while the rubber outsole gives you all the traction needed to pull up and drain threes from deep.",2600000,Sepatu,167,https://www.adidas.co.id/en/harden-volume-9-shoes-1027819.html
https://www.adidas.co.id/media/catalog/product/j/q/jq2252_2_footwear_photography_side_lateral_view_grey.jpg,D.O.N. Issue 6 Shoes,adidas,"Signature shoes from Donovan Mitchell and adidas Basketball.
Game-changing superstars like Donovan Mitchell are constantly evolving. The latest signature shoes from Donovan Mitchell and adidas Basketball highlight how Don has grown from a flashy bucket-getter to an all-around player who makes the game easier for everybody on his team. These performance basketball shoes feature the ultra-lightweight cushioning of Lightstrike along with a uniquely designed outsole that provides zoned traction for outstanding responsiveness. The now-iconic Spida logo completes the look.",2100000,Sepatu,148,https://www.adidas.co.id/en/d-o-n-issue-6-shoes-1021630.html
https://www.adidas.co.id/media/catalog/product/j/i/ji7564_2_apparel_photography_front20center20view_grey.jpg,adidas Crazy Lite Shorts,adidas,"Bold basketball shorts with recycled materials.
Move freely and take your game to new heights in the adidas Crazy Lite Short. The loose fit allows for full range of motion as you drive to the hoop, while an allover print and adidas Basketball branding let everyone know these are built for the court. Front pockets can hold your small essentials when game time is over. This product is made with 100% recycled materials. By reusing materials that have already been created, we help to reduce waste and our reliance on finite resources and reduce the footprint of the products we make.",840000,Celana,125,https://www.adidas.co.id/en/adidas-crazy-lite-shorts-1011898.html
https://www.adidas.co.id/media/catalog/product/d/y/dy6603_2_apparel_photography_front20center20view_grey.jpg,3G Speed Reversible Shorts,adidas,"Lightweight shorts with a reversible design.
Sometimes you need to switch it up on the hardwood. These basketball shorts feature sweat-wicking fabric to sweep moisture away from your skin. Built in a reversible design, one side is made of breathable polyester mesh and the other side is durable polyester doubleknit.",430000,Celana,101,https://www.adidas.co.id/en/3g-speed-reversible-shorts-993789.html
https://www.adidas.co.id/media/catalog/product/j/c/jc7848_2_apparel_photography_front20center20view_grey.jpg,Anthony Edwards Foundation Fleece Tracksuit Bottoms,adidas,"Pants made in collaboration with Anthony Edwards.
Step into a mindset of comfort with these Anthony Edwards sweat pants from adidas. The relaxed pants are made of soft French terry fabric that keeps you comfortable for hours on end. Large 3-Stripes on one hip is as bold as Ant-Man's high-flying style of play.",1400000,Celana,148,https://www.adidas.co.id/en/anthony-edwards-foundation-fleece-tracksuit-bottoms-966147.html
https://www.adidas.co.id/media/catalog/product/j/i/ji1541_2_footwear_photography_side20lateral20view_grey.jpg,Dame Certified 3 Shoes,adidas,"Signature basketball shoes from Damian Lillard and adidas.
These juniors' Dame Certified 3 shoes from adidas Basketball are designed for serious hoopers. The lightweight build keeps you flying across the court while Bounce cushioning softens each landing. No matter if running through drills at practise or dreaming of knocking down buzzer beaters, signature Dame graphics inspire big game confidence every time you lace up and hit the court.",1500000,Sepatu,191,https://www.adidas.co.id/en/dame-certified-3-shoes-967501.html
https://www.adidas.co.id/media/catalog/product/j/w/jw2931_2_apparel_photography_front20center20view_grey.jpg,Anthony Edwards T-Shirt,adidas,"A cotton t-shirt for fans of Anthony Edwards.
Rep your favourite rising star with this Anthony Edwards from adidas. This graphic tee celebrates the dynamic play and infectious energy of one of the game's most entertaining players. Made from soft, breathable single jersey fabric, the loose fit offers plenty of room through the shoulders for free movement on or off the court.",800000,Baju,140,https://www.adidas.co.id/en/anthony-edwards-t-shirt-1116834.html
https://www.adidas.co.id/media/catalog/product/j/r/jr3915_2_footwear_photography_side_lateral_view_grey.jpg,Anthony Edwards 1 Low Trainers,adidas,"Signature trainers from adidas Basketball and Anthony Edwards.
Lace up in the style of one of the game's emerging superstars. These signature trainers from adidas Basketball and Anthony Edwards are built for certified bucket getters. The combined BOOST and Lightstrike midsole is ultra-lightweight and adds outstanding energy return to your most explosive moves. A rubber outsole provides all the support you need to attack the hoop, while signature Anthony Edwards branding completes the look.",1700000,Sepatu,106,https://www.adidas.co.id/en/anthony-edwards-1-low-trainers-1017433.html
https://www.adidas.co.id/media/catalog/product/j/d/jd6127_2_apparel_photography_front20center20view_grey.jpg,adidas Basketball T-Shirt (Gender Neutral),adidas,"A cotton t-shirt for on and off the hardwood.
Represent for adidas Basketball wherever you go in this t-shirt. It's made from cotton single jersey fabric that's soft to the touch and is cut to fit loose so you can get a full range of motion on your jump shot or elevate your comfort on a night out with friends. An adidas Basketball 3 Bar logo on the front completes the look. This tee was made using UNITEFIT â€” an all-gender fit system that was created with a spectrum of sizes, genders and forms in mind.",700000,Baju,191,https://www.adidas.co.id/en/adidas-basketball-t-shirt-gender-neutral-1013779.html
https://contents.mediadecathlon.com/p1914087/k$71f793143bb77e953c3b6b979c07213c/beginners-size-5-up-to-10-years-old-basketball-r100-yellow-tarmak-8547126.jpg?f=768x0&format=auto,Beginners' Size 5 (Up to 10 Years Old) Basketball R100 - Yellow,TARMAK,"This basketball is available in the official size 5 for children and adults. It is grippy making it perfect for learning to play outside at home or on the playground.
Official size 5 basketball designed for playing outdoors or indoors, for boys and girls ages 7 to 10.",69000,Bola,196,https://www.decathlon.co.id/en-ID/p/beginners-size-5-up-to-10-years-old-basketball-r100-yellow-tarmak-8547126.html
https://contents.mediadecathlon.com/p2640919/k$3dad4d62702ee725063a972662f8414a/basketball-size-6-r500-purple-turquoise-tarmak-8853512.jpg?f=1024x0&format=auto,Basketball Size 6 R500 - Purple/Turquoise,TARMAK,"This basketball is the official size for girls ages 11 and up, and boys ages 11 to 12. Made with foam rubber, it provides good ball feel as well as good robustness.
Official size 6 basketball suitable for playing basketball indoors or outdoors (Girls/women over 11 years old and boys aged 11 to 12).",169000,Bola,176,https://www.decathlon.co.id/en-ID/p/basketball-size-6-r500-purple-turquoise-tarmak-8853512.html
https://contents.mediadecathlon.com/p2640933/k$9c2e41a026dc774ba9b0bbd05c42cb79/size-7-basketball-r500-purple-black-tarmak-8853520.jpg?f=768x0&format=auto,Size 7 Basketball R500 - Purple/Black,TARMAK,"This basketball is the official size 7 ball. Made with foam rubber, it provides good ball feel as well as good robustness
Official size 7 basketball designed for playing outdoors or indoors.",169000,Bola,191,https://www.decathlon.co.id/en-ID/p/size-7-basketball-r500-purple-black-tarmak-8853520.html
https://contents.mediadecathlon.com/p1914245/k$59dfc014c00d104db3423475ead4ba9d/basketball-size-5-r500-blue-tarmak-8618531.jpg?f=1024x0&format=auto,Basketball Size 5 R500 - Blue,TARMAK,"This basketball is the official size ball for boys and girls ages 7 to 10. Made with foam rubber, it provides a good ball feel as well as excellent robustness
Official size 5 basketball designed for boys and girls ages 7 to 10 playing outdoors or indoors.",169000,Bola,124,https://www.decathlon.co.id/en-ID/p/basketball-size-5-r500-blue-tarmak-8618531.html
https://contents.mediadecathlon.com/p2311170/k$43fb0d45f563ea9508116aedd3328148/kids-rubber-basketball-size-3-k500-blue-red-tarmak-8734249.jpg?f=1024x0&format=auto,Kids' Rubber Basketball Size 3 K500 - Blue/Red,TARMAK,"This size 3 mini basketball is perfect for children up to age 6. Little ones will love playing with it as it's small and light so that they can grasp it more easily.
Size 3 basketball suitable for kids aged 4 to 6 playing basketball indoors or outdoors.",149000,Bola,179,https://www.decathlon.co.id/en-ID/p/kids-rubber-basketball-size-3-k500-blue-red-tarmak-8734249.html
https://contents.mediadecathlon.com/p2705088/k$f7300acf81882ed5bc4d1dedcadb97d2/basketball-bt900-size-7fiba-approved-for-boys-and-adults-tarmak-8648080.jpg?f=1024x0&format=auto,Basketball BT900 - Size 7FIBA-approved for boys and adults,TARMAK,"This size 7 basketball is FIBA approved. The polyurethane and microfibre component provides an exceptional ball feel. The channels make it very easy to handle.
Size 7 basketball suitable for boys older than 13 playing basketball indoors or outdoors in accordance with FIBA rules.",699000,Bola,158,https://www.decathlon.co.id/en-ID/p/basketball-bt900-size-7fiba-approved-for-boys-and-adults-tarmak-8648080.html
https://contents.mediadecathlon.com/p2705060/k$e642b79972b47644e9b2f2f1f8b16fd0/size-6-fiba-basketball-bt500-touch-orange-tarmak-8648079.jpg?f=1024x0&format=auto,Size 6 FIBA Basketball BT500 Touch - Orange,TARMAK,"This size 6 women's basketball is perfect for progressing. Polyurethane exterior for an excellent ball feel. FIBA certified.
Official size 6 basketball designed for playing outdoors or indoors, for girls ages 11 and up, women, and boys ages 11 to 12.",379000,Bola,115,https://www.decathlon.co.id/en-ID/p/size-6-fiba-basketball-bt500-touch-orange-tarmak-8648079.html
https://contents.mediadecathlon.com/p2814726/k$dcb5d393a6506dbdc5780e120975dff1/sk500-wall-mounted-mini-basketball-hoop-with-ball-pump-needle-tarmak-8800367.jpg?f=1024x0&format=auto,SK500 Wall-Mounted Mini Basketball Hoop with Ball. Pump Needle,TARMAK,"This mini hoop can be moved very easily thanks to a range of wall and door mounts. With a polyethylene backboard, it's also very durable and scoreable!
Whether you stick it to a wall or hang it on a door, the classic design of this mini basketball hoop means you can have fun anywhere!",349000,Peralatan,168,https://www.decathlon.co.id/en-ID/p/sk500-wall-mounted-mini-basketball-hoop-with-ball-pump-needle-tarmak-8800367.html
https://contents.mediadecathlon.com/p2878164/k$5f7ad85473d745bacbb41b0e24265d1b/k900-v2-kids-easy-adjust-basketball-hoop-1-6m-to-2-2m-tarmak-8935351.jpg?f=1024x0&format=auto,K900 V2 Kids' Easy-Adjust Basketball Hoop (1.6m to 2.2m),TARMAK,"An innovative, easy-adjust hoop for kids. A child can change the height with one hand, while the robust base and protective foam ensure a safe, stable game.
Our design teams have developed this basketball hoop for children up to 10 years old who want to play outdoor basketball with ease",1899000,Peralatan,163,https://www.decathlon.co.id/en-ID/p/k900-v2-kids-easy-adjust-basketball-hoop-1-6m-to-2-2m-tarmak-8935351.html
https://contents.mediadecathlon.com/p2942869/k$8ec6feb0da0b1b4b2f6804d7f76ef018/size-7-basketball-orange-r100-tarmak-8547127.jpg?f=1024x0&format=auto,Size 7 Basketball Orange - R100,TARMAK,"This official size 7 basketball is suitable for kids older than 13 and adults.It is grippy, making it perfect for learning to play outside at home or on the playground.
Official size 7 basketball suitable for kids and adults playing basketball indoors or outdoors.",79000,Peralatan,193,https://www.decathlon.co.id/en-ID/p/size-7-basketball-orange-r100-tarmak-8547127.html
https://contents.mediadecathlon.com/p2705091/k$bc506bfdd7bf69f92773881f59786e66/size-7-basketball-bt500-brown-fiba-tarmak-8648082.jpg?f=1024x0&format=auto,Size 7 Basketball BT500 - Brown/FIBA,TARMAK,"This size 7 basketball is perfect for improving your game. Polyurethane exterior for an excellent ball feel. Available in FIBA-approved version.
Size 7 basketball suitable for boys older than 13 and men playing basketball indoors and/or outdoors in accordance with FIBA rules.",349000,Peralatan,112,https://www.decathlon.co.id/en-ID/p/size-7-basketball-bt500-brown-fiba-tarmak-8648082.html
https://contents.mediadecathlon.com/p2445258/k$084f6c6f68577572b5b7382f6662de29/basketball-3x3-size-6-bt-500-blue-yellow-tarmak-8641261.jpg?f=1024x0&format=auto,Basketball 3x3 Size 6 BT 500 - Blue/Yellow,TARMAK,"This is a size 6 basketball with a 730 mm circumference but the weight of a size 7 ball (610 g) designed for 3-on-3 basketball. Its polyurethane outer cover gives it an outstanding ball feel.
Official size 6 basketball designed for playing 3-on-3 basketball outdoors or indoors.",329000,Bola,164,https://www.decathlon.co.id/en-ID/p/basketball-3x3-size-6-bt-500-blue-yellow-tarmak-8641261.html
https://contents.mediadecathlon.com/p2467999/k$3127fc67b1c5e90c6c6bdbfcfd42884d/kids-size-4-basketball-k500-pink-blue-tarmak-8734257.jpg?f=1024x0&format=auto,Kids' Size 4 Basketball K500 - Pink/Blue,TARMAK,"This kids' size 4 basketball is one of a kind. It is softer and lighter than other balls, making it easier for children learning to play basketball. Size 4 for easier dribbling and shooting.
Basketball designed for playing basketball indoors and outdoors. This size 4 basketball is designed for boys and girls ages 4 to 7.",229000,Bola,101,https://www.decathlon.co.id/en-ID/p/kids-size-4-basketball-k500-pink-blue-tarmak-8734257.html
https://contents.mediadecathlon.com/p2568933/k$4ce810f38800d0646ef9ad03052853fd/6mm-hoop-or-backboard-basketball-net-white-resistant-to-bad-weather-tarmak-8019129.jpg?f=1024x0&format=auto,6mm Hoop or Backboard Basketball Net - White. Resistant to bad weather.,TARMAK,"This basketball net is resistant to bad weather. Compatible with all hoops in the Tarmak range. Portable or wall-mounted basketball hoops and backboards.
This basketball net is suitable for adults and children playing basketball outdoors. Compatible with all Tarmak basketball hoops.",99000,Peralatan,151,https://www.decathlon.co.id/en-ID/p/6mm-hoop-or-backboard-basketball-net-white-resistant-to-bad-weather-tarmak-8019129.html
https://contents.mediadecathlon.com/p2640919/k$3dad4d62702ee725063a972662f8414a/basketball-size-6-r500-purple-turquoise-tarmak-8853512.jpg?f=168x168,Official Diameter Basketball Rim R900 - Red,TARMAK,"Steel hoop with springs for dunking into basketball baskets. Compatible with the B700 & B900 basketball baskets.
R900 basketball rim with regulation diameter designed for outdoor basketball baskets.",599000,Peralatan,196,https://www.decathlon.co.id/en-ID/p/official-diameter-basketball-rim-r900-red-tarmak-8496975.html
https://contents.mediadecathlon.com/p2480634/k$170e3f4f626da03c4c58201e6f014ea7/size-7-basketball-bt100-for-men-ages-13-and-up-orange-tarmak-8648076.jpg?f=1024x0&format=auto,Size 7 Basketball BT100 for Men Ages 13 and Up - Orange,TARMAK,"This is an official size 7 basketball.With an outer cover made from foam PVC, it is robust and offers good ball feel.
Size 7 basketball suitable for boys older than 13 and men playing basketball indoors or outdoors in accordance with FIBA rules.",239000,Bola,190,https://www.decathlon.co.id/en-ID/p/size-7-basketball-bt100-for-men-ages-13-and-up-orange-tarmak-8648076.html
https://contents.mediadecathlon.com/p2579425/k$398f5de54c969bdba943fcf390f3415b/b100-easy-freestanding-adjustable-basketball-hoop-2-20m-to-3-05m-tarmak-8529815.jpg?f=1024x0&format=auto,B100 Easy Freestanding Adjustable Basketball Hoop (2.20m to 3.05m),TARMAK,"Kids and adults alike will have hours of fun with this sturdy basketball basket. It's adjustable to 5 heights from 2.2m to 3.05m, with no need for tools. And the two wheels make it easy to move.
B100 basketball basket suitable for kids and adults playing basketball outside. Tool-free adjustment to 5 heights ranging from 2.20m to 3.05m.",2999000,Peralatan,133,https://www.decathlon.co.id/en-ID/p/b100-easy-freestanding-adjustable-basketball-hoop-2-20m-to-3-05m-tarmak-8529815.html
https://contents.mediadecathlon.com/p2637772/k$61cfff51de3dc03bd54bb9b473979f22/folding-basketball-hoop-adjustable-up-to-3-05m-in-black-white-tarmak-8577289.jpg?f=1024x0&format=auto,Folding Basketball Hoop - Adjustable Up To 3.05m In Black/White,TARMAK,"This free-standing basketball hoop can be set up and compacted in less than 2 minutes without the need for any tools, saving an enormous amount of space. Easy height adjustment with crank handle.
B100 Box basketball basket suitable for kids and adults playing basketball outside. Adjustable from 2.40m to 3.05m. Folds and unfolds in under 2 minutes.",5999000,Peralatan,192,https://www.decathlon.co.id/en-ID/p/folding-basketball-hoop-adjustable-up-to-3-05m-in-black-white-tarmak-8577289.html
https://contents.mediadecathlon.com/p1914269/k$b2ede86f6958b4c463a64b682061e58a/kids-basketball-size-1-k100-rubber-yellow-tarmak-8616153.jpg?f=1024x0&format=auto,Kids' Basketball Size 1 K100 Rubber - Yellow,TARMAK,"This size 1 mini basketball is designed for children. Little ones will love playing with it as it's small and light so that they can grasp it more easily.
Mini B basketball designed for children under age 4 playing basketball indoors or outdoors.",59000,Bola,183,https://www.decathlon.co.id/en-ID/p/kids-basketball-size-1-k100-rubber-yellow-tarmak-8616153.html
https://contents.mediadecathlon.com/p2258516/k$543e98c08c40832d1c4c98134dd8cfd2/k500-kids-portable-basketball-hoop-with-adjustable-stand-1-30m-to-1-60m-tarmak-8734294.jpg?f=1024x0&format=auto,K500 Kids' Portable Basketball Hoop with Adjustable Stand (1.30m to 1.60m),TARMAK,"This basketball hoop with a base is perfect for children up to age 8. It can be adjusted to 4 different heights in only a minute. It is sturdy and easy to set up.
Basketball hoop designed for young boy and girl basketball players up to age 8. The K500 is a basketball hoop that can adjust from 1.3 m to 1.6 m.",1099000,Peralatan,189,https://www.decathlon.co.id/en-ID/p/k500-kids-portable-basketball-hoop-with-adjustable-stand-1-30m-to-1-60m-tarmak-8734294.html
https://www.wilson.com/en-us/media/catalog/product/article_images/WX6000802_/WX6000802__d8fa48541db22e3382ce1321ae9c8f4c.png?auto=webp&quality=95&crop=false&fit=cover&orient=1&format=pjpg&optimize=high&enable=upscale&width=1057&height=1292&canvas=9%3A11&bg-color=F3F1ED,Helix Travel Backpack,Wilson,"Meet the Helix Travel Backpack, your ultimate companion for athletic adventures. Engineered for the dynamic athlete, this backpack boasts a wealth of storage options to keep all your gear organized and easily accessible. With dedicated compartments for shoes, clothing, and personal essentials, plus a sleek design for effortless travel, the Helix ensures you’re always prepared to tackle your next challenge with ease and style. Travel smart, stay organized, and keep your focus on the game.",2288866,Peralatan,137,https://www.wilson.com/en-us/product/wilson-helix-travel-backpack-wx60008?optionsUIDs=Y29uZmlndXJhYmxlLzY5MjYvMTIxMTYy
https://www.wilson.com/en-us/media/catalog/product/article_images/WZ6015501_/WZ6015501__18d97013bae70f4481383a7caf539bf1.png?auto=webp&quality=95&crop=false&fit=cover&orient=1&format=pjpg&optimize=high&enable=upscale&width=563.7333333333333&height=1292&canvas=9%3A11&bg-color=F3F1ED,Evolution Gearpack,Wilson,"Elevate your game with the Evolution Gearpack, crafted for modern athletes who need both style and practicality.

The bag features a clip-on single ball bag for easy access during training. The spacious main compartment is designed to hold a basketball, a pair of shoes, and extra gear, ensuring you're fully equipped for any session. Plus, a dedicated shoe pocket keeps your footwear separate and secure.

Whether you're heading to the gym or hitting outdoor courts, the Evolution Gearpack has you covered. Step up your game and experience top-tier basketball gear.",1824290,Peralatan,157,https://www.wilson.com/en-us/product/evolution-basketball-gearpack-wz60155?optionsUIDs=Y29uZmlndXJhYmxlLzcyNDMvMTIwOTgy
https://www.wilson.com/en-us/media/catalog/product/article_images/WZ6015601_/WZ6015601__d26b130509ac1c080cc35f708a650c39.png?auto=webp&quality=95&crop=false&fit=cover&orient=1&format=pjpg&optimize=high&enable=upscale&width=563.7333333333333&height=1292&canvas=9%3A11&bg-color=F3F1ED,"Chris Brickley Evolution Basketball Bag
",Wilson,"Take your game to the next level with the Chris Brickley Evolution Basketball Bag. Designed for the modern basketball player, this basketball bag blends style with functionality seamlessly.

Stay prepared with the additional clip-on single ball bag, ensuring you have everything you need for intense training sessions. Plus, the spacious main compartment includes a dedicated internal shoe pocket, keeping your footwear safe and separate.

Whether you're hitting the gym or the outdoor courts, the Chris Brickley Evolution Basketball Bag has you covered. Elevate your game and embrace the evolution of basketball.",1824290,Peralatan,126,https://www.wilson.com/en-us/product/evolution-bskt-gearpack-brickley-ed-wz60156?optionsUIDs=Y29uZmlndXJhYmxlLzcyNDMvMTIwMDEz
https://www.wilson.com/en-us/media/catalog/product/article_images/WTBA70000_/WTBA70000__eac754c76d9a44837277cd9a7aaba441.png?auto=webp&quality=95&crop=false&fit=cover&orient=1&format=pjpg&optimize=high&enable=upscale&width=563.7333333333333&height=1292&canvas=9%3A11&bg-color=F3F1ED,NBA Authentic 6 Ball Travel Bag,Wilson,The Wilson Authentic 6 Ball Travel Bag is equipped with three internal compartments providing space for up to 6 basketballs and additional equipment. Rectangular design makes transportation easy. Customize with your team logo.,729218,Peralatan,107,https://www.wilson.com/en-us/product/wilson-nba-authentic-6-ball-travel-bag-wz60030?optionsUIDs=Y29uZmlndXJhYmxlLzcyNDMvNjg5NzQ=
https://www.wilson.com/en-us/media/catalog/product/article_images/WTH1816_/WTH1816__4966eb91e82ecd8d21643002dc83947d.png?auto=webp&quality=95&crop=false&fit=cover&orient=1&format=pjpg&optimize=high&enable=upscale&width=563.7333333333333&height=1292&canvas=9%3A11&bg-color=F3F1ED,Wilson All Sport Ball Bag,Wilson,"There's enough to keep track of as a coach. Your equipment shouldn't be a concern. With an easy shoulder strap and the ability hold up to 8 balls, The All Sport Ball Bag will keep you prepared to help your team prepare for greatness.",762402,Peralatan,104,https://www.wilson.com/en-us/product/wilson-all-sport-ball-bag-wx60005?optionsUIDs=Y29uZmlndXJhYmxlLzY5MzgvNjMwNzQ=
https://www.wilson.com/en-us/media/catalog/product/article_images/WZ6015101_/WZ6015101__95b5bdfc4d192e4500c949f13f41e1d1.png?auto=webp&quality=95&crop=false&fit=cover&orient=1&format=pjpg&optimize=high&enable=upscale&width=563.7333333333333&height=1292&canvas=9%3A11&bg-color=F3F1ED,NBA DRV Sport Bag,Wilson,"The Wilson NBA DRV Sport Bag allows you to take your game anywhere while helping the earth. It utilizes heavy duty drawstring cords for easy open and closure and features a spacious main compartment that's large enough to fit an official size basketball, all made with partly recycled materials.",364194,Peralatan,190,https://www.wilson.com/en-us/product/nba-drv-eco-drawstring-bag-wz60151?optionsUIDs=Y29uZmlndXJhYmxlLzcyNDMvMTIwOTQz
https://www.wilson.com/en-us/media/catalog/product/article_images/WZ6015201_/WZ6015201__48d1aaf36c352766761e195c659ca72a.png?auto=webp&quality=95&crop=false&fit=cover&orient=1&format=pjpg&optimize=high&enable=upscale&width=563.7333333333333&height=1292&canvas=9%3A11&bg-color=F3F1ED,WNBA Heir Sport Bag,Wilson,"The Wilson WNBA Heir Sport Bag allows you to take your game anywhere. It utilizes heavy duty drawstring cords for easy open and closure, an exterior zipper pocket for added storage and a spacious main compartment that's large enough to fit an official size basketball.",364194,Peralatan,200,https://www.wilson.com/en-us/product/wnba-heir-drawstring-bag-wz60152?optionsUIDs=Y29uZmlndXJhYmxlLzcyNDMvMTIxMDI0
https://www.wilson.com/en-us/media/catalog/product/article_images/WTH133190_/WTH133190__27063d7b57b71ab8aad25730b0f0cc74.png?auto=webp&quality=95&crop=false&fit=cover&orient=1&format=pjpg&optimize=high&enable=upscale&width=563.7333333333333&height=1292&canvas=9%3A11&bg-color=F3F1ED,Wilson Duffle Bag,Wilson,"The Wilson Duffel is ready when the road calls. Top opening flap and adjustable straps allow you to carry as a backpack or duffle bag for an easy travel experience. A Thermo-Guard pocket for snack storage to keep your energy high, and ample cargo space for all your game-day gear. Come prepared with Wilson.",1293346,Peralatan,112,https://www.wilson.com/en-us/product/wilson-duffle-bag-wx60004?optionsUIDs=Y29uZmlndXJhYmxlLzY5MjkvNTc2NTY=
https://www.wilson.com/en-us/media/catalog/product/article_images/WTB181800_/WTB181800__a86fc42b9b6b77f1c12c5014df4bb241.png?auto=webp&quality=95&crop=false&fit=cover&orient=1&format=pjpg&optimize=high&enable=upscale&width=563.7333333333333&height=1292&canvas=9%3A11&bg-color=F3F1ED,Deluxe Basketball Cart - 15 Ball,Wilson,"Built to carry the most important part of the game, this Deluxe Rack is constructed for easy access and to make warm-ups as simple as possible.",4147834,Peralatan,116,https://www.wilson.com/en-us/product/deluxe-bskt-cart-wz60002?optionsUIDs=Y29uZmlndXJhYmxlLzcyNDMvNzU2MTY=
https://www.wilson.com/en-us/media/catalog/product/article_images/WTBA8001N_/WTBA8001N__9cffa482a4b047383fba35052447a895.png?auto=webp&quality=95&crop=false&fit=cover&orient=1&format=pjpg&optimize=high&enable=upscale&width=563.7333333333333&height=1292&canvas=9%3A11&bg-color=F3F1ED,NBA Forge Chain Net,Wilson,"The Wilson NBA Forge Chain Net is built to handle your ambition on the court. Rust proof, it endures all weather conditions, is the official size and fits all standard size basketball rims.",248050,Peralatan,138,https://www.wilson.com/en-us/product/nba-forge-chain-net-wz60040?optionsUIDs=Y29uZmlndXJhYmxlLzcyNDMvNzU1Nzc=
https://www.wilson.com/en-us/media/catalog/product/article_images/WTBA8002N_/WTBA8002N__65d6ed705244a41caff0cec3693f56f3.png?auto=webp&quality=95&crop=false&fit=cover&orient=1&format=pjpg&optimize=high&enable=upscale&width=563.7333333333333&height=1292&canvas=9%3A11&bg-color=F3F1ED,"NBA DRV Recreational Red, White and Blue Net",Wilson,"The Wilson NBA DRV Recreational Red, White and Blue Net is made for endless play. Suitable for indoor and outdoor courts, in the official size, the styled red, white and blue adds nostalgia to any court.",181682,Peralatan,200,https://www.wilson.com/en-us/product/nba-drv-recreational-net-rwb-wz60041?optionsUIDs=Y29uZmlndXJhYmxlLzcyNDMvNzU1ODY=
https://www.wilson.com/en-us/media/catalog/product/article_images/WTBA8000N_/WTBA8000N__18b0de4db4f6384c1e72523f9db1c698.png?auto=webp&quality=95&crop=false&fit=cover&orient=1&format=pjpg&optimize=high&enable=upscale&width=563.7333333333333&height=1292&canvas=9%3A11&bg-color=F3F1ED,NBA Authentic Performance Net,Wilson,"Bring the authentic feel to any court with the Wilson NBA Authentic Performance Net. Weighing 180 grams, this heavy duty, easily installed, NBA branded net is suitable for indoor and outdoor courts.",248050,Peralatan,176,https://www.wilson.com/en-us/product/nba-authentic-performance-net-wz60039?optionsUIDs=Y29uZmlndXJhYmxlLzcyNDMvNzU2MjI=
https://www.wilson.com/en-us/media/catalog/product/article_images/WZ6004601_/WZ6004601__272acf65cbc8ecb06120d6d05398e2d5.png?auto=webp&quality=95&crop=false&fit=cover&orient=1&format=pjpg&optimize=high&enable=upscale&width=563.7333333333333&height=1292&canvas=9%3A11&bg-color=F3F1ED,NBA Pro Training Ladder,Wilson,"The little things are the big things in this game. It all starts with how you train from the ground up, especially your footwork. Using our Pro Training Ladder you can improve your footwork just as the pros do. Choose from multiple rung lengths to fit your drills and when you’re done store it away in a compact bag.",729218,Peralatan,102,https://www.wilson.com/en-us/product/pro-training-ladder-wz60046?optionsUIDs=Y29uZmlndXJhYmxlLzcyNDMvNzcwMjI=
https://www.wilson.com/en-us/media/catalog/product/article_images/WTBA9002N_/WTBA9002N__f01160e1c1130a79c0cd453daf97c16f.png?auto=webp&quality=95&crop=false&fit=cover&orient=1&format=pjpg&optimize=high&enable=upscale&width=563.7333333333333&height=1292&canvas=9%3A11&bg-color=F3F1ED,NBA Coaches Dry Erase Board,Wilson,Make your vision and share your plan on the spot with The NBA Coaches Dry Erase Board.,331010,Peralatan,185,https://www.wilson.com/en-us/product/wilson-nba-coaches-dry-erase-board-wz60044?optionsUIDs=Y29uZmlndXJhYmxlLzcyNDMvNjg5MTQ=
https://www.wilson.com/en-us/media/catalog/product/article_images/WZ6004801_/WZ6004801__49fcbb6913961529b4a1c94b1eaf543b.png?auto=webp&quality=95&crop=false&fit=cover&orient=1&format=pjpg&optimize=high&enable=upscale&width=563.7333333333333&height=1292&canvas=9%3A11&bg-color=F3F1ED,NBA & WNBA Pro Training Guard Extender,Wilson,"Elevate your players training with the Wilson NBA/WNBA Pro-Training Guard Extender. Dual branded with NBA and WNBA markings, this guard extender is suitable for all players and helps coaches and trainers simulate various defensive positions without extraneous movements.",1243570,Peralatan,179,https://www.wilson.com/en-us/product/pro-training-guard-extender-2pk-wz60048?optionsUIDs=Y29uZmlndXJhYmxlLzcyNDMvNzcwNzk=
https://www.wilson.com/en-us/media/catalog/product/article_images/WZ6005001_/WZ6005001__941c4b055a7471f9c862739de0252519.png?auto=webp&quality=95&crop=false&fit=cover&orient=1&format=pjpg&optimize=high&enable=upscale&width=563.7333333333333&height=1292&canvas=9%3A11&bg-color=F3F1ED,Pro Training Cones,Wilson,"Practice with a plan and purpose, executing accurately with this set of 10 Pro-Training Cones. Hone your skillset with precise movement around these cones throughout your drills. Their updated 9 inch height makes them easier for pick up between drills, along with a wider base to maintain their set position on the court. They are constructed with Impact Plastic for additional durability and longevity to last drill after drill and practice after practice.",331010,Peralatan,137,https://www.wilson.com/en-us/product/pro-training-cones-10pk-wz60050?optionsUIDs=Y29uZmlndXJhYmxlLzcyNDMvNzcwODI=
https://www.wilson.com/en-us/media/catalog/product/article_images/WZ6004701_/WZ6004701__83af2491750baf32c9d4dd5a7815348e.png?auto=webp&quality=95&crop=false&fit=cover&orient=1&format=pjpg&optimize=high&enable=upscale&width=563.7333333333333&height=1292&canvas=9%3A11&bg-color=F3F1ED,Pro Training Blocking Pad,Wilson,Hit the pad before you hit the paint. This Pro-Training Block Pad helps to safely simulate in-game contact while absorbing impact with high-density foam. Built to better suit the user it boasts 5 strategically placed reinforced handles for various contact drills.,1061058,Peralatan,187,https://www.wilson.com/en-us/product/pro-training-blocking-pad-wz60047?optionsUIDs=Y29uZmlndXJhYmxlLzcyNDMvNzcwNzY=
https://www.wilson.com/en-us/media/catalog/product/article_images/WZ6004901_/WZ6004901__7e13606a321c2cfc9557c2d68530f13f.png?auto=webp&quality=95&crop=false&fit=cover&orient=1&format=pjpg&optimize=high&enable=upscale&width=563.7333333333333&height=1292&canvas=9%3A11&bg-color=F3F1ED,Pro Training Stationary Defender,Wilson,Never shoot in an empty gym again when you use the Pro-Training Stationary Defender. Simulating on-court defenders you can build your skills while experiencing an in-game feel. The lightweight design makes for quick transitions from drill to drill all practice long. Its collapsible design makes for easy transport to and from the gym.,895138,Peralatan,125,https://www.wilson.com/en-us/product/pro-training-stationary-defender-wz60049?optionsUIDs=Y29uZmlndXJhYmxlLzcyNDMvNzcwODg=
https://www.wilson.com/en-us/media/catalog/product/article_images/WZ4033901ID_/WZ4033901ID__4d3d19c12bd959825237032ebfc94065.png?auto=webp&quality=95&crop=false&fit=cover&orient=1&format=pjpg&optimize=high&enable=upscale&width=1057&height=1292&canvas=9%3A11&bg-color=F3F1ED,2024-2025 NBA Team City Edition Icon Basketball,Wilson,"Ask any player who they do it for, and it's always the city they call home. The Wilson NBA City Edition Icon Basketball expresses team pride in the cleanest terms possible. Each basketball is draped in your team's colors and marked with a throwback logo to where it all began. Use it indoors or out with the outdoor All Surface cover marked in all the details inspired by the official NBA jerseys for the 24-25 season.",530114,Bola,138,https://www.wilson.com/en-us/product/2024-nba-team-city-edition-bskt-wz40339?optionsUIDs=Y29uZmlndXJhYmxlLzYzMzIvMTIxNzYw%2CY29uZmlndXJhYmxlLzYzMjkvNTY3MDI%3D
https://www.wilson.com/en-us/media/catalog/product/article_images/WZ4026401ID_/WZ4026401ID__4204b952fcb686f2ed751e11eeeb36b3.png?auto=webp&quality=95&crop=false&fit=cover&orient=1&format=pjpg&optimize=high&enable=upscale&width=563.7333333333333&height=1292&canvas=9%3A11&bg-color=F3F1ED,NBA Team Premiere Basketball,Wilson,Show the world who you cheer for on game day with the Wilson NBA Team Premiere basketball. It's made for indoor and outdoor play or to proudly display your team's pride. Embroidered team logos pop against the black faux-snakeskin-embossed cover.,1094242,Bola,142,https://www.wilson.com/en-us/product/nba-team-premiere-bskt-wz40264?optionsUIDs=Y29uZmlndXJhYmxlLzYzMzIvMTIxMzYz%2CY29uZmlndXJhYmxlLzYzMjkvNTY3MDI%3D
https://spalding-basketball.com/cdn/shop/products/spalding-advanced-grip-control-composite-indooroutdoor-basketball-777726_1080x.jpg?v=1754024374,Advanced Grip Control Composite Indoor/Outdoor Basketball,Spalding,Premium Composite Cover with a soft tack for exceptional ball controll and pebbled channels for advanced grip control.,1548367,Bola,166,https://spalding-basketball.com/collections/all-outlet/products/advanced-grip-control-composite-indoor-outdoor-basketball
https://spalding-basketball.com/cdn/shop/products/spalding-move-tank-top-804181_720x.jpg?v=1697008351,Move Tank Top,Spalding,"The Move Tank Top by Spalding boasts a lightweight, breathable closed mesh fabric for maximum comfort. The FIBA-approved size displays a bold Spalding print, and contrast inserts add a stylish finishing touch. Smartbreathe MESH technology ensures optimal air circulation.

COMPOSITION - 100% Polyester
WEIGHT - 160g/m2",386365,Baju,148,https://spalding-basketball.com/collections/all-outlet/products/move-tank-top?Color=Royal%2FWhite
https://spalding-basketball.com/cdn/shop/products/spalding-essential-reversible-shirt-197272_1080x.jpg?v=1697008268,Essential Reversible Shirt,Spalding,"This Essential Reversible Shirt is perfect for any occasion. It is constructed with a light mesh fabric and Spalding prints, plus contrast colored V-neck and inserts with raised prints. The small size label in the side seam allows for a comfortable and precise fit.",580032,Baju,166,https://spalding-basketball.com/collections/all-outlet/products/essential-reversible-shirt
https://spalding-basketball.com/cdn/shop/products/spalding-move-basketball-shorts-412250_1080x.jpg?v=1697008347,Move Basketball Shorts,Spalding,"Move Shorts are designed for performance and comfort, ideal for those looking to stay cool on the court. Featuring a breathable, lightweight mesh with a Spalding print and contrast inserts, these shorts provide optimal air circulation. Additionally, a Smartbreathe MESH and an elastic waistband with a cord provide a snug, secure fit.

100% Polyester.",386365,Baju,126,https://spalding-basketball.com/collections/all-outlet/products/move-shorts?variant=46509796229451
https://spalding-basketball.com/cdn/shop/products/spalding-all-conference-rubber-indooroutdoor-basketball-923004_1080x.jpg?v=1754024389,All Conference Rubber Indoor/Outdoor Basketball,Spalding,Performance Rubber Cover Material with exceptional grip and unique colorway.,580032,Bola,175,https://spalding-basketball.com/collections/all-outlet/products/all-conference-rubber-indoor-outdoor-basketball?variant=46366316855627
https://spalding-basketball.com/cdn/shop/products/spalding-essential-reversible-shorts-224686_1080x.jpg?v=1697008272,"Essential Reversible Shorts
",Spalding,"These Essential Reversible Shorts offer superior comfort with a light mesh material and an elastic waistband with an adjustable cord. With two unique prints, contrast colored inserts, and a small size label for easy identification, these shorts make a great addition to any wardrobe.",580032,Celana,183,https://spalding-basketball.com/collections/all-outlet/products/essential-reversible-shorts-2
https://spalding-basketball.com/cdn/shop/products/spalding-promo-tee-spalding-882303_1080x.jpg?v=1697008346,Promo Tee Spalding,Spalding,"The Spalding Promo Tee is a great choice for an everyday wardrobe. Cut from lightweight single jersey fabric, it offers great comfort with a classic style and features a small Spalding logo on the chest. Perfect for gym, running, or casual wear.

100% cotton.",289532,Baju,132,https://spalding-basketball.com/collections/all-outlet/products/promo-tee-spalding
https://spalding-basketball.com/cdn/shop/products/spalding-move-shooting-shirt-short-sleeves-229709_1080x.jpg?v=1697008338,https://spalding-basketball.com/cdn/shop/products/spalding-move-shooting-shirt-short-sleeves-229709_1080x.jpg?v=1697008338,Spalding,"Stay cool and comfortable while shooting hoops in the Spalding Move Shooting Shirt. Constructed with lightweight and breathable closed mesh, the shirt features contrast inserts and a Spalding print FIBA badge size to ensure a great performance. Smartbreathe MESH technology provides enhanced ventilation while also offering a freedom of movement.

COMPOSITION - 100% Polyester
WEIGHT - 160g/m2",444465,Baju,152,https://spalding-basketball.com/collections/all-outlet/products/move-shooting-shirt-short-sleeves
https://spalding-basketball.com/cdn/shop/products/spalding-move-shorts-women-837459_1080x.jpg?v=1697008347,Move Shorts Women,Spalding,"The Move Shorts Women provide all-day comfort with their breathable, light mesh material and FIBA-approved size. Smartbreathe mesh, contrast inserts, and an elastic waistband with cord ensures a secure, comfortable fit while keeping you cool and dry.",386365,Celana,123,https://spalding-basketball.com/collections/all-outlet/products/move-shorts-women?variant=46509733904715
https://spalding-basketball.com/cdn/shop/products/spalding-team-warm-up-pants-196009_1080x.jpg?v=1697008390,Team Warm Up Pants,Spalding,"These Team Warm Up Pants are designed with classic tricot brushed material and zipper details, offering warmth and style. Features include two side pockets, contrast inserts, high quality embroidery, leg openings with zippers and elastic waistband for a perfect fit. Get ready to take on the court with these performance pants.

100% Polyester.",676866,Celana,192,https://spalding-basketball.com/collections/all-outlet/products/team-warm-up-pants
https://spalding-basketball.com/cdn/shop/products/spalding-commander-exclusieve-print-rubber-outdoor-basketball-508513_1080x.jpg?v=1754024379,Commander Exclusieve Print Rubber Outdoor Basketball,Spalding,"Made for players who create their own lane, The Spalding Commander Series Multi-Color Outdoor Basketball shakes free from convention with a unique commander print. Aside from the durable outdoor cover and embossed logos, no two balls in the series are the same.",676866,Bola,133,https://spalding-basketball.com/collections/all-outlet/products/commander-exclusieve-print-rubber-outdoor-basketball
https://spalding-basketball.com/cdn/shop/products/spalding-referee-shoe-787440_1080x.jpg?v=1754024664,Referee Shoe,Spalding,"The Referee Shoe combines quality, comfort and style. Crafted from printable PU cover-material, it is strong and lightweight. Inside, the Ortholite insole ensures maximum cushioning and breathability, so you can stay comfortable during the matches.

100% Polyurethane.",676866,Sepatu,151,https://spalding-basketball.com/collections/all-outlet/products/referee-shoe
https://spalding-basketball.com/cdn/shop/products/spalding-polo-shirt-742713_1080x.jpg?v=1697008339,Polo Shirt,Spalding,"The Spalding polo shirt is an essential, made of breathable material for a comfortable feeling. Short sleeves and closure with buttons.",580032,Baju,173,https://spalding-basketball.com/collections/all-outlet/products/polo-shirt
https://spalding-basketball.com/cdn/shop/products/spalding-all-star-tank-top-545369_1080x.jpg?v=1697008232,All Star Tank Top,Spalding,"This All Star Tank Top is the perfect choice for the active lifestyle, designed with a cut and sewing design featuring a striped jacquard knit fabric and a contrast V-neck. It also features mesh inserts on the side seam and a Spalding print in FIBA confirmed size, plus Smartbreathe FIT for maximum comfort.

100% Polyester.",483199,Baju,174,https://spalding-basketball.com/collections/all-outlet/products/all-star-tank-top
https://spalding-basketball.com/cdn/shop/products/spalding-graffiti-rubber-outdoor-basketball-201542_1080x.jpg?v=1754024382,Graffiti Rubber Outdoor Basketball,Spalding,Performance Rubber Outdoor Cover with all over Graffiti Graphics and tacky rubber for grip.,580032,Bola,175,https://spalding-basketball.com/collections/all-basketball/products/graffiti-rubber-outdoor-basketball
https://spalding-basketball.com/cdn/shop/products/spalding-single-action-ball-pump-342807_1080x.jpg?v=1756887016,Single Action Ball Pump,Spalding,"Inflating sports and recreational equipment is now a breeze with our 12"" single-action pump. Designed for quick and easy inflation, this versatile tool is suitable for a wide range of sports balls and inflatables. Whether you are gearing up for a neighborhood pickup game or a family pool party our single-action pump can do it all. Its compact size makes it the perfect companion for athletes, fitness enthusiasts, and recreational users alike!",289532,Peralatan,197,https://spalding-basketball.com/collections/all-basketball/products/single-action-ball-pump
https://spalding-basketball.com/cdn/shop/products/spalding-heavy-duty-net-491134_1080x.jpg?v=1754024277,Heavy Duty Net,Spalding,A shot's not a shot without the swish of a net. This replacement net has a heavy-duty construction that's strong enough for the outdoor game.,192698,Peralatan,168,https://spalding-basketball.com/collections/all-basketball/products/heavy-duty-net
https://spalding-basketball.com/cdn/shop/products/spalding-standard-basketball-rim-454017_1080x.jpg?v=1754024251,Standard Basketball Rim,Spalding,"Dial-in your shot with the steel Spalding Standard Basketball Rim. You can mount it directly onto your backboard, garage door, or wall, and it comes equipped with a standard white net.",1161033,Peralatan,150,https://spalding-basketball.com/collections/all-basketball/products/standard-basketball-rim
https://spalding-basketball.com/cdn/shop/products/spalding-combo-44-basketball-backboard-164004_1080x.jpg?v=1754024257,"Combo 44"" Basketball Backboard",Spalding,"Perfect your shots on the Spalding Polycarbonate Basketball Backboard & Rim Combo. As strong as they come, the polycarbonate board stands up to rain, cold and endless rounds of banked-in jump shots.",6777376,Peralatan,185,https://spalding-basketball.com/collections/all-basketball/products/combo-44-backboard
https://spalding-basketball.com/cdn/shop/products/spalding-fiba-legacy-tf-1000-composite-indoor-basketball-491456_1080x.jpg?v=1754024356,FIBA Legacy TF-1000 Composite Indoor Basketball,Spalding,"Built for the most clutch moments, the Spalding LEGACY TF-1000 has no equal. It’s NFHS approved and used by some of the top college and high school programs in the country. From crossovers to pulling up from the logo, the LEGACY TF-1000’s moisture management capabilities create a dry surface for ultimate ball control. The wet grip microfiber composite cover has a game-ready feel right out of the box and provides an elite moisture-wicking surface so the ball plays at the same high level from tip off to crunch time. Lift your game to new heights with the best-in-class LEGACY TF-1000.",1935701,Bola,146,https://spalding-basketball.com/collections/all-basketball/products/fiba-legacy-tf-1000-composite-indoor-basketball
https://spalding-basketball.com/cdn/shop/products/spalding-camo-micromini-basketball-backboard-set-128592_1080x.jpg?v=1754024272,Camo Micro/Mini Basketball Backboard Set,Spalding,The Camo mini backboard set is a basketball backboard ideal for children including a mini ball for easy play.,580032,Peralatan,182,https://spalding-basketball.com/collections/all-basketball/products/camo-micro-mini-backboard-set
https://spalding-basketball.com/cdn/shop/products/spalding-basketball-return-582092_1080x.jpg?v=1754024247,Basketball Return,Spalding,"Shooting aid added to your backboard or systemwill return the ball at 90° arc. Compatible with Standard-, Pro Slam-, Arena Slam- and Slam Jam rims.",386365,Peralatan,103,https://spalding-basketball.com/collections/all-other-systems/products/basketball-return